INSERT INTO dim_customer (customer,market,platform,channel,customer_code) VALUES ('Electricalsocity','India','Brick & Mortar','Retailer','90002012');
INSERT INTO dim_customer (customer,market,platform,channel,customer_code) VALUES ('Electricalslytical','India','Brick & Mortar','Retailer','90002013');
INSERT INTO dim_customer (customer,market,platform,channel,customer_code) VALUES ('Ebay','India','E-Commerce','Retailer','90002010');
INSERT INTO dim_customer (customer,market,platform,channel,customer_code) VALUES ('Atliq Exclusive','India','Brick & Mortar','Retailer','90002011');
INSERT INTO dim_customer (customer,market,platform,channel,customer_code) VALUES ('Expression','India','Brick & Mortar','Retailer','90002014');
INSERT INTO dim_customer (customer,market,platform,channel,customer_code) VALUES ('AltiQ Exclusive','India','Brick & Mortar','Direct','70002017');
INSERT INTO dim_customer (customer,market,platform,channel,customer_code) VALUES ('Atliq e Store','India','E-Commerce','Direct','70002018');
INSERT INTO dim_customer (customer,market,platform,channel,customer_code) VALUES ('Propel','India','Brick & Mortar','Retailer','90002015');
INSERT INTO dim_customer (customer,market,platform,channel,customer_code) VALUES ('Amazon ','India','E-Commerce','Retailer','90002016');
INSERT INTO dim_customer (customer,market,platform,channel,customer_code) VALUES ('Ezone','India','Brick & Mortar','Retailer','90002003');
INSERT INTO dim_customer (customer,market,platform,channel,customer_code) VALUES ('Vijay Sales','India','Brick & Mortar','Retailer','90002004');
INSERT INTO dim_customer (customer,market,platform,channel,customer_code) VALUES ('Reliance Digital','India','Brick & Mortar','Retailer','90002001');
INSERT INTO dim_customer (customer,market,platform,channel,customer_code) VALUES ('Croma','India','Brick & Mortar','Retailer','90002002');
INSERT INTO dim_customer (customer,market,platform,channel,customer_code) VALUES ('Lotus','India','Brick & Mortar','Retailer','90002005');
INSERT INTO dim_customer (customer,market,platform,channel,customer_code) VALUES ('Amazon','India','E-Commerce','Retailer','90002008');
INSERT INTO dim_customer (customer,market,platform,channel,customer_code) VALUES ('Flipkart','India','E-Commerce','Retailer','90002009');
INSERT INTO dim_customer (customer,market,platform,channel,customer_code) VALUES ('Viveks','India','Brick & Mortar','Retailer','90002006');
INSERT INTO dim_customer (customer,market,platform,channel,customer_code) VALUES ('Girias','India','Brick & Mortar','Retailer','90002007');
INSERT INTO dim_customer (customer,market,platform,channel,customer_code) VALUES ('Amazon ','USA','E-Commerce','Retailer','90022082');
INSERT INTO dim_customer (customer,market,platform,channel,customer_code) VALUES ('Amazon','USA','E-Commerce','Retailer','90022081');


INSERT INTO dim_market (market,sub_zone,region) VALUES ('China','ROA','APAC');
INSERT INTO dim_market (market,sub_zone,region) VALUES ('India','India','APAC');
INSERT INTO dim_market (market,sub_zone,region) VALUES ('Indonesia','ROA','APAC');
INSERT INTO dim_market (market,sub_zone,region) VALUES ('Japan','ROA','APAC');
INSERT INTO dim_market (market,sub_zone,region) VALUES ('Pakistan','ROA','APAC');
INSERT INTO dim_market (market,sub_zone,region) VALUES ('Philiphines','ROA','APAC');
INSERT INTO dim_market (market,sub_zone,region) VALUES ('South Korea','ROA','APAC');
INSERT INTO dim_market (market,sub_zone,region) VALUES ('Australia','ANZ','APAC');
INSERT INTO dim_market (market,sub_zone,region) VALUES ('Newzealand','ANZ','APAC');
INSERT INTO dim_market (market,sub_zone,region) VALUES ('Bangladesh','ROA','APAC');
INSERT INTO dim_market (market,sub_zone,region) VALUES ('France','SE','EU');
INSERT INTO dim_market (market,sub_zone,region) VALUES ('Germany','NE','EU');
INSERT INTO dim_market (market,sub_zone,region) VALUES ('Italy','SE','EU');
INSERT INTO dim_market (market,sub_zone,region) VALUES ('Netherlands','NE','EU');
INSERT INTO dim_market (market,sub_zone,region) VALUES ('Norway','NE','EU');
INSERT INTO dim_market (market,sub_zone,region) VALUES ('Poland','NE','EU');
INSERT INTO dim_market (market,sub_zone,region) VALUES ('Portugal','SE','EU');
INSERT INTO dim_market (market,sub_zone,region) VALUES ('Spain','SE','EU');
INSERT INTO dim_market (market,sub_zone,region) VALUES ('Sweden','NE','EU');
INSERT INTO dim_market (market,sub_zone,region) VALUES ('Austria','NE','EU');


INSERT INTO dim_product (product_code,division,segment,category,product,variant) VALUES ('A0118150101','P & A','Peripherals','Internal HDD','AQ Dracula HDD – 3.5 Inch SATA 6 Gb/s 5400 RPM 256 MB Cache','Standard');
INSERT INTO dim_product (product_code,division,segment,category,product,variant) VALUES ('A0118150102','P & A','Peripherals','Internal HDD','AQ Dracula HDD – 3.5 Inch SATA 6 Gb/s 5400 RPM 256 MB Cache','Plus');
INSERT INTO dim_product (product_code,division,segment,category,product,variant) VALUES ('A0118150103','P & A','Peripherals','Internal HDD','AQ Dracula HDD – 3.5 Inch SATA 6 Gb/s 5400 RPM 256 MB Cache','Premium');
INSERT INTO dim_product (product_code,division,segment,category,product,variant) VALUES ('A0118150104','P & A','Peripherals','Internal HDD','AQ Dracula HDD – 3.5 Inch SATA 6 Gb/s 5400 RPM 256 MB Cache','Premium Plus');
INSERT INTO dim_product (product_code,division,segment,category,product,variant) VALUES ('A0219150201','P & A','Peripherals','Internal HDD','AQ WereWolf NAS Internal Hard Drive HDD – 8.89 cm','Standard');
INSERT INTO dim_product (product_code,division,segment,category,product,variant) VALUES ('A0219150202','P & A','Peripherals','Internal HDD','AQ WereWolf NAS Internal Hard Drive HDD – 8.89 cm','Plus');
INSERT INTO dim_product (product_code,division,segment,category,product,variant) VALUES ('A0220150203','P & A','Peripherals','Internal HDD','AQ WereWolf NAS Internal Hard Drive HDD – 8.89 cm','Premium');
INSERT INTO dim_product (product_code,division,segment,category,product,variant) VALUES ('A0320150301','P & A','Peripherals','Internal HDD','AQ Zion Saga','Standard');
INSERT INTO dim_product (product_code,division,segment,category,product,variant) VALUES ('A0321150302','P & A','Peripherals','Internal HDD','AQ Zion Saga','Plus');
INSERT INTO dim_product (product_code,division,segment,category,product,variant) VALUES ('A0321150303','P & A','Peripherals','Internal HDD','AQ Zion Saga','Premium');
INSERT INTO dim_product (product_code,division,segment,category,product,variant) VALUES ('A0418150101','P & A','Peripherals','Graphic Card','AQ Mforce Gen X','Standard 1');
INSERT INTO dim_product (product_code,division,segment,category,product,variant) VALUES ('A0418150102','P & A','Peripherals','Graphic Card','AQ Mforce Gen X','Standard 2');
INSERT INTO dim_product (product_code,division,segment,category,product,variant) VALUES ('A0418150103','P & A','Peripherals','Graphic Card','AQ Mforce Gen X','Standard 3');
INSERT INTO dim_product (product_code,division,segment,category,product,variant) VALUES ('A0418150104','P & A','Peripherals','Graphic Card','AQ Mforce Gen X','Plus 1');
INSERT INTO dim_product (product_code,division,segment,category,product,variant) VALUES ('A0418150105','P & A','Peripherals','Graphic Card','AQ Mforce Gen X','Plus 2');
INSERT INTO dim_product (product_code,division,segment,category,product,variant) VALUES ('A0418150106','P & A','Peripherals','Graphic Card','AQ Mforce Gen X','Plus 3');
INSERT INTO dim_product (product_code,division,segment,category,product,variant) VALUES ('A0418150107','P & A','Peripherals','Graphic Card','AQ Mforce Gen X','Premium 1');
INSERT INTO dim_product (product_code,division,segment,category,product,variant) VALUES ('A0418150108','P & A','Peripherals','Graphic Card','AQ Mforce Gen X','Premium 2');
INSERT INTO dim_product (product_code,division,segment,category,product,variant) VALUES ('A0519150201','P & A','Peripherals','Graphic Card','AQ Mforce Gen Y','Standard 1');
INSERT INTO dim_product (product_code,division,segment,category,product,variant) VALUES ('A0519150202','P & A','Peripherals','Graphic Card','AQ Mforce Gen Y','Standard 2');


INSERT INTO fact_forecast_monthly (date,division,category,product_code,product,market,platform,channel,customer_code,customer_name,forecast_quantity) VALUES ('2017-09-01 00:00:00','N & S','External Solid State Drives','A6218160101','AQ Digit SSD','Australia','Brick & Mortar','Direct','70008169','AltiQ Exclusive',146);
INSERT INTO fact_forecast_monthly (date,division,category,product_code,product,market,platform,channel,customer_code,customer_name,forecast_quantity) VALUES ('2017-09-01 00:00:00','N & S','External Solid State Drives','A6218160101','AQ Digit SSD','Australia','Brick & Mortar','Retailer','90008165','Forward Stores',120);
INSERT INTO fact_forecast_monthly (date,division,category,product_code,product,market,platform,channel,customer_code,customer_name,forecast_quantity) VALUES ('2017-09-01 00:00:00','N & S','External Solid State Drives','A6218160101','AQ Digit SSD','Australia','Brick & Mortar','Retailer','90008166','Sound',216);
INSERT INTO fact_forecast_monthly (date,division,category,product_code,product,market,platform,channel,customer_code,customer_name,forecast_quantity) VALUES ('2017-09-01 00:00:00','N & S','External Solid State Drives','A6218160101','AQ Digit SSD','Australia','Brick & Mortar','Retailer','90008167','Electricalsocity',141);
INSERT INTO fact_forecast_monthly (date,division,category,product_code,product,market,platform,channel,customer_code,customer_name,forecast_quantity) VALUES ('2017-09-01 00:00:00','N & S','External Solid State Drives','A6218160101','AQ Digit SSD','Australia','E-Commerce','Direct','70008170','Atliq e Store',85);
INSERT INTO fact_forecast_monthly (date,division,category,product_code,product,market,platform,channel,customer_code,customer_name,forecast_quantity) VALUES ('2017-09-01 00:00:00','N & S','External Solid State Drives','A6218160101','AQ Digit SSD','Bangladesh','Brick & Mortar','Direct','70010047','AltiQ Exclusive',0);
INSERT INTO fact_forecast_monthly (date,division,category,product_code,product,market,platform,channel,customer_code,customer_name,forecast_quantity) VALUES ('2017-09-01 00:00:00','N & S','External Solid State Drives','A6218160101','AQ Digit SSD','Brazil','E-Commerce','Retailer','90027207','Amazon',14);
INSERT INTO fact_forecast_monthly (date,division,category,product_code,product,market,platform,channel,customer_code,customer_name,forecast_quantity) VALUES ('2017-09-01 00:00:00','N & S','External Solid State Drives','A6218160101','AQ Digit SSD','Canada','Brick & Mortar','Direct','70023031','AltiQ Exclusive',30);
INSERT INTO fact_forecast_monthly (date,division,category,product_code,product,market,platform,channel,customer_code,customer_name,forecast_quantity) VALUES ('2017-09-01 00:00:00','N & S','External Solid State Drives','A6218160101','AQ Digit SSD','Canada','Brick & Mortar','Retailer','90023022','Nomad Stores',8);
INSERT INTO fact_forecast_monthly (date,division,category,product_code,product,market,platform,channel,customer_code,customer_name,forecast_quantity) VALUES ('2017-09-01 00:00:00','N & S','External Solid State Drives','A6218160101','AQ Digit SSD','Canada','Brick & Mortar','Retailer','90023025','Premium Stores',25);
INSERT INTO fact_forecast_monthly (date,division,category,product_code,product,market,platform,channel,customer_code,customer_name,forecast_quantity) VALUES ('2017-09-01 00:00:00','N & S','External Solid State Drives','A6218160101','AQ Digit SSD','Canada','Brick & Mortar','Retailer','90023026','Relief',17);
INSERT INTO fact_forecast_monthly (date,division,category,product_code,product,market,platform,channel,customer_code,customer_name,forecast_quantity) VALUES ('2017-09-01 00:00:00','N & S','External Solid State Drives','A6218160101','AQ Digit SSD','Canada','Brick & Mortar','Retailer','90023027','Costco',39);
INSERT INTO fact_forecast_monthly (date,division,category,product_code,product,market,platform,channel,customer_code,customer_name,forecast_quantity) VALUES ('2017-09-01 00:00:00','N & S','External Solid State Drives','A6218160101','AQ Digit SSD','Canada','Brick & Mortar','Retailer','90023029','Staples',25);
INSERT INTO fact_forecast_monthly (date,division,category,product_code,product,market,platform,channel,customer_code,customer_name,forecast_quantity) VALUES ('2017-09-01 00:00:00','N & S','External Solid State Drives','A6218160101','AQ Digit SSD','Canada','E-Commerce','Retailer','90023023','Amazon',31);
INSERT INTO fact_forecast_monthly (date,division,category,product_code,product,market,platform,channel,customer_code,customer_name,forecast_quantity) VALUES ('2017-09-01 00:00:00','N & S','External Solid State Drives','A6218160101','AQ Digit SSD','Canada','E-Commerce','Retailer','90023030','Amazon',4);
INSERT INTO fact_forecast_monthly (date,division,category,product_code,product,market,platform,channel,customer_code,customer_name,forecast_quantity) VALUES ('2017-09-01 00:00:00','N & S','External Solid State Drives','A6218160101','AQ Digit SSD','China','Brick & Mortar','Distributor','80001019','Neptune',96);
INSERT INTO fact_forecast_monthly (date,division,category,product_code,product,market,platform,channel,customer_code,customer_name,forecast_quantity) VALUES ('2017-09-01 00:00:00','N & S','External Solid State Drives','A6218160101','AQ Digit SSD','China','E-Commerce','Retailer','90001021','Taobao',3);
INSERT INTO fact_forecast_monthly (date,division,category,product_code,product,market,platform,channel,customer_code,customer_name,forecast_quantity) VALUES ('2017-09-01 00:00:00','N & S','External Solid State Drives','A6218160101','AQ Digit SSD','France','Brick & Mortar','Direct','70011193','AltiQ Exclusive',28);
INSERT INTO fact_forecast_monthly (date,division,category,product_code,product,market,platform,channel,customer_code,customer_name,forecast_quantity) VALUES ('2017-09-01 00:00:00','N & S','External Solid State Drives','A6218160101','AQ Digit SSD','France','Brick & Mortar','Retailer','90011185','Epic Stores',27);
INSERT INTO fact_forecast_monthly (date,division,category,product_code,product,market,platform,channel,customer_code,customer_name,forecast_quantity) VALUES ('2017-09-01 00:00:00','N & S','External Solid State Drives','A6218160101','AQ Digit SSD','France','Brick & Mortar','Retailer','90011186','Elite',37);


INSERT INTO fact_sales_monthly (date,division,category,product_code,product,market,platform,channel,customer_code,customer_name,sold_quantity) VALUES ('2017-09-01 00:00:00','N & S','External Solid State Drives','A6218160101','AQ Digit SSD','Australia','Brick & Mortar','Direct','70008169','AltiQ Exclusive',81);
INSERT INTO fact_sales_monthly (date,division,category,product_code,product,market,platform,channel,customer_code,customer_name,sold_quantity) VALUES ('2017-09-01 00:00:00','N & S','External Solid State Drives','A6218160101','AQ Digit SSD','Australia','Brick & Mortar','Retailer','90008165','Forward Stores',157);
INSERT INTO fact_sales_monthly (date,division,category,product_code,product,market,platform,channel,customer_code,customer_name,sold_quantity) VALUES ('2017-09-01 00:00:00','N & S','External Solid State Drives','A6218160101','AQ Digit SSD','Australia','Brick & Mortar','Retailer','90008166','Sound',126);
INSERT INTO fact_sales_monthly (date,division,category,product_code,product,market,platform,channel,customer_code,customer_name,sold_quantity) VALUES ('2017-09-01 00:00:00','N & S','External Solid State Drives','A6218160101','AQ Digit SSD','Australia','Brick & Mortar','Retailer','90008167','Electricalsocity',160);
INSERT INTO fact_sales_monthly (date,division,category,product_code,product,market,platform,channel,customer_code,customer_name,sold_quantity) VALUES ('2017-09-01 00:00:00','N & S','External Solid State Drives','A6218160101','AQ Digit SSD','Australia','E-Commerce','Direct','70008170','Atliq e Store',120);
INSERT INTO fact_sales_monthly (date,division,category,product_code,product,market,platform,channel,customer_code,customer_name,sold_quantity) VALUES ('2017-09-01 00:00:00','N & S','External Solid State Drives','A6218160101','AQ Digit SSD','Brazil','E-Commerce','Retailer','90027207','Amazon',9);
INSERT INTO fact_sales_monthly (date,division,category,product_code,product,market,platform,channel,customer_code,customer_name,sold_quantity) VALUES ('2017-09-01 00:00:00','N & S','External Solid State Drives','A6218160101','AQ Digit SSD','Canada','Brick & Mortar','Direct','70023031','AltiQ Exclusive',9);
INSERT INTO fact_sales_monthly (date,division,category,product_code,product,market,platform,channel,customer_code,customer_name,sold_quantity) VALUES ('2017-09-01 00:00:00','N & S','External Solid State Drives','A6218160101','AQ Digit SSD','Canada','Brick & Mortar','Retailer','90023022','Nomad Stores',24);
INSERT INTO fact_sales_monthly (date,division,category,product_code,product,market,platform,channel,customer_code,customer_name,sold_quantity) VALUES ('2017-09-01 00:00:00','N & S','External Solid State Drives','A6218160101','AQ Digit SSD','Canada','Brick & Mortar','Retailer','90023025','Premium Stores',22);
INSERT INTO fact_sales_monthly (date,division,category,product_code,product,market,platform,channel,customer_code,customer_name,sold_quantity) VALUES ('2017-09-01 00:00:00','N & S','External Solid State Drives','A6218160101','AQ Digit SSD','Canada','Brick & Mortar','Retailer','90023026','Relief',37);
INSERT INTO fact_sales_monthly (date,division,category,product_code,product,market,platform,channel,customer_code,customer_name,sold_quantity) VALUES ('2017-09-01 00:00:00','N & S','External Solid State Drives','A6218160101','AQ Digit SSD','Canada','Brick & Mortar','Retailer','90023027','Costco',4);
INSERT INTO fact_sales_monthly (date,division,category,product_code,product,market,platform,channel,customer_code,customer_name,sold_quantity) VALUES ('2017-09-01 00:00:00','N & S','External Solid State Drives','A6218160101','AQ Digit SSD','Canada','Brick & Mortar','Retailer','90023029','Staples',12);
INSERT INTO fact_sales_monthly (date,division,category,product_code,product,market,platform,channel,customer_code,customer_name,sold_quantity) VALUES ('2017-09-01 00:00:00','N & S','External Solid State Drives','A6218160101','AQ Digit SSD','Canada','E-Commerce','Retailer','90023023','Amazon',20);
INSERT INTO fact_sales_monthly (date,division,category,product_code,product,market,platform,channel,customer_code,customer_name,sold_quantity) VALUES ('2017-09-01 00:00:00','N & S','External Solid State Drives','A6218160101','AQ Digit SSD','Canada','E-Commerce','Retailer','90023030','Amazon',4);
INSERT INTO fact_sales_monthly (date,division,category,product_code,product,market,platform,channel,customer_code,customer_name,sold_quantity) VALUES ('2017-09-01 00:00:00','N & S','External Solid State Drives','A6218160101','AQ Digit SSD','China','Brick & Mortar','Distributor','80001019','Neptune',92);
INSERT INTO fact_sales_monthly (date,division,category,product_code,product,market,platform,channel,customer_code,customer_name,sold_quantity) VALUES ('2017-09-01 00:00:00','N & S','External Solid State Drives','A6218160101','AQ Digit SSD','China','E-Commerce','Retailer','90001021','Taobao',8);
INSERT INTO fact_sales_monthly (date,division,category,product_code,product,market,platform,channel,customer_code,customer_name,sold_quantity) VALUES ('2017-09-01 00:00:00','N & S','External Solid State Drives','A6218160101','AQ Digit SSD','France','Brick & Mortar','Direct','70011193','AltiQ Exclusive',75);
INSERT INTO fact_sales_monthly (date,division,category,product_code,product,market,platform,channel,customer_code,customer_name,sold_quantity) VALUES ('2017-09-01 00:00:00','N & S','External Solid State Drives','A6218160101','AQ Digit SSD','France','Brick & Mortar','Retailer','90011185','Epic Stores',30);
INSERT INTO fact_sales_monthly (date,division,category,product_code,product,market,platform,channel,customer_code,customer_name,sold_quantity) VALUES ('2017-09-01 00:00:00','N & S','External Solid State Drives','A6218160101','AQ Digit SSD','France','Brick & Mortar','Retailer','90011186','Elite',73);
INSERT INTO fact_sales_monthly (date,division,category,product_code,product,market,platform,channel,customer_code,customer_name,sold_quantity) VALUES ('2017-09-01 00:00:00','N & S','External Solid State Drives','A6218160101','AQ Digit SSD','France','Brick & Mortar','Retailer','90011187','Chip 7',60);


INSERT INTO freight_cost (market,fiscal_year,freight_pct,other_cost_pct) VALUES ('Australia','2018',0.0188000000,0.0050000000);
INSERT INTO freight_cost (market,fiscal_year,freight_pct,other_cost_pct) VALUES ('Austria','2018',0.0272000000,0.0053000000);
INSERT INTO freight_cost (market,fiscal_year,freight_pct,other_cost_pct) VALUES ('Bangladesh','2018',0.0219000000,0.0058000000);
INSERT INTO freight_cost (market,fiscal_year,freight_pct,other_cost_pct) VALUES ('Brazil','2018',0.0239000000,0.0033000000);
INSERT INTO freight_cost (market,fiscal_year,freight_pct,other_cost_pct) VALUES ('Canada','2018',0.0264000000,0.0054000000);
INSERT INTO freight_cost (market,fiscal_year,freight_pct,other_cost_pct) VALUES ('Chile','2018',0.0267000000,0.0022000000);
INSERT INTO freight_cost (market,fiscal_year,freight_pct,other_cost_pct) VALUES ('China','2018',0.0204000000,0.0043000000);
INSERT INTO freight_cost (market,fiscal_year,freight_pct,other_cost_pct) VALUES ('Columbia','2018',0.0216000000,0.0028000000);
INSERT INTO freight_cost (market,fiscal_year,freight_pct,other_cost_pct) VALUES ('France','2018',0.0190000000,0.0038000000);
INSERT INTO freight_cost (market,fiscal_year,freight_pct,other_cost_pct) VALUES ('Germany','2018',0.0301000000,0.0061000000);
INSERT INTO freight_cost (market,fiscal_year,freight_pct,other_cost_pct) VALUES ('India','2018',0.0244000000,0.0026000000);
INSERT INTO freight_cost (market,fiscal_year,freight_pct,other_cost_pct) VALUES ('Indonesia','2018',0.0190000000,0.0042000000);
INSERT INTO freight_cost (market,fiscal_year,freight_pct,other_cost_pct) VALUES ('Italy','2018',0.0214000000,0.0033000000);
INSERT INTO freight_cost (market,fiscal_year,freight_pct,other_cost_pct) VALUES ('Japan','2018',0.0252000000,0.0042000000);
INSERT INTO freight_cost (market,fiscal_year,freight_pct,other_cost_pct) VALUES ('Mexico','2018',0.0264000000,0.0027000000);
INSERT INTO freight_cost (market,fiscal_year,freight_pct,other_cost_pct) VALUES ('Netherlands','2018',0.0255000000,0.0033000000);
INSERT INTO freight_cost (market,fiscal_year,freight_pct,other_cost_pct) VALUES ('Newzealand','2018',0.0228000000,0.0060000000);
INSERT INTO freight_cost (market,fiscal_year,freight_pct,other_cost_pct) VALUES ('Norway','2018',0.0260000000,0.0026000000);
INSERT INTO freight_cost (market,fiscal_year,freight_pct,other_cost_pct) VALUES ('Pakistan','2018',0.0241000000,0.0058000000);
INSERT INTO freight_cost (market,fiscal_year,freight_pct,other_cost_pct) VALUES ('Philiphines','2018',0.0199000000,0.0027000000);


INSERT INTO gross_price (product_code,fiscal_year,gross_price) VALUES ('A0118150101','2018',15.3952000000);
INSERT INTO gross_price (product_code,fiscal_year,gross_price) VALUES ('A0118150101','2019',14.4392000000);
INSERT INTO gross_price (product_code,fiscal_year,gross_price) VALUES ('A0118150101','2020',16.2323000000);
INSERT INTO gross_price (product_code,fiscal_year,gross_price) VALUES ('A0118150101','2021',19.0573000000);
INSERT INTO gross_price (product_code,fiscal_year,gross_price) VALUES ('A0118150102','2018',19.5875000000);
INSERT INTO gross_price (product_code,fiscal_year,gross_price) VALUES ('A0118150102','2019',18.5595000000);
INSERT INTO gross_price (product_code,fiscal_year,gross_price) VALUES ('A0118150102','2020',19.8577000000);
INSERT INTO gross_price (product_code,fiscal_year,gross_price) VALUES ('A0118150102','2021',21.4565000000);
INSERT INTO gross_price (product_code,fiscal_year,gross_price) VALUES ('A0118150103','2018',19.3630000000);
INSERT INTO gross_price (product_code,fiscal_year,gross_price) VALUES ('A0118150103','2019',19.3442000000);
INSERT INTO gross_price (product_code,fiscal_year,gross_price) VALUES ('A0118150103','2020',22.1317000000);
INSERT INTO gross_price (product_code,fiscal_year,gross_price) VALUES ('A0118150103','2021',21.7795000000);
INSERT INTO gross_price (product_code,fiscal_year,gross_price) VALUES ('A0118150103','2022',23.9920000000);
INSERT INTO gross_price (product_code,fiscal_year,gross_price) VALUES ('A0118150104','2018',19.5743000000);
INSERT INTO gross_price (product_code,fiscal_year,gross_price) VALUES ('A0118150104','2019',18.5072000000);
INSERT INTO gross_price (product_code,fiscal_year,gross_price) VALUES ('A0118150104','2020',20.7734000000);
INSERT INTO gross_price (product_code,fiscal_year,gross_price) VALUES ('A0118150104','2021',22.9729000000);
INSERT INTO gross_price (product_code,fiscal_year,gross_price) VALUES ('A0118150104','2022',23.6298000000);
INSERT INTO gross_price (product_code,fiscal_year,gross_price) VALUES ('A0219150201','2019',18.4663000000);
INSERT INTO gross_price (product_code,fiscal_year,gross_price) VALUES ('A0219150201','2020',22.2298000000);


INSERT INTO manufacturing_cost (product_code,cost_year,manufacturing_cost) VALUES ('A0118150101','2018',4.6190000000);
INSERT INTO manufacturing_cost (product_code,cost_year,manufacturing_cost) VALUES ('A0118150101','2019',4.2033000000);
INSERT INTO manufacturing_cost (product_code,cost_year,manufacturing_cost) VALUES ('A0118150101','2020',5.0207000000);
INSERT INTO manufacturing_cost (product_code,cost_year,manufacturing_cost) VALUES ('A0118150101','2021',5.5172000000);
INSERT INTO manufacturing_cost (product_code,cost_year,manufacturing_cost) VALUES ('A0118150102','2018',5.6036000000);
INSERT INTO manufacturing_cost (product_code,cost_year,manufacturing_cost) VALUES ('A0118150102','2019',5.3235000000);
INSERT INTO manufacturing_cost (product_code,cost_year,manufacturing_cost) VALUES ('A0118150102','2020',5.7180000000);
INSERT INTO manufacturing_cost (product_code,cost_year,manufacturing_cost) VALUES ('A0118150102','2021',6.2835000000);
INSERT INTO manufacturing_cost (product_code,cost_year,manufacturing_cost) VALUES ('A0118150103','2018',5.9469000000);
INSERT INTO manufacturing_cost (product_code,cost_year,manufacturing_cost) VALUES ('A0118150103','2019',5.5306000000);
INSERT INTO manufacturing_cost (product_code,cost_year,manufacturing_cost) VALUES ('A0118150103','2020',6.3264000000);
INSERT INTO manufacturing_cost (product_code,cost_year,manufacturing_cost) VALUES ('A0118150103','2021',6.5900000000);
INSERT INTO manufacturing_cost (product_code,cost_year,manufacturing_cost) VALUES ('A0118150103','2022',7.1831000000);
INSERT INTO manufacturing_cost (product_code,cost_year,manufacturing_cost) VALUES ('A0118150104','2018',5.8958000000);
INSERT INTO manufacturing_cost (product_code,cost_year,manufacturing_cost) VALUES ('A0118150104','2019',5.4242000000);
INSERT INTO manufacturing_cost (product_code,cost_year,manufacturing_cost) VALUES ('A0118150104','2020',6.4789000000);
INSERT INTO manufacturing_cost (product_code,cost_year,manufacturing_cost) VALUES ('A0118150104','2021',6.8199000000);
INSERT INTO manufacturing_cost (product_code,cost_year,manufacturing_cost) VALUES ('A0118150104','2022',7.3655000000);
INSERT INTO manufacturing_cost (product_code,cost_year,manufacturing_cost) VALUES ('A0219150201','2019',5.7250000000);
INSERT INTO manufacturing_cost (product_code,cost_year,manufacturing_cost) VALUES ('A0219150201','2020',6.4858000000);



INSERT INTO post_invoice_deductions (customer_code,product_code,date,discounts_pct,other_deductions_pct) VALUES ('70002017','A0118150101','2017-09-01',0.2659568373,0.0718706275);
INSERT INTO post_invoice_deductions (customer_code,product_code,date,discounts_pct,other_deductions_pct) VALUES ('70002017','A0118150101','2017-10-01',0.3089921425,0.0976271962);
INSERT INTO post_invoice_deductions (customer_code,product_code,date,discounts_pct,other_deductions_pct) VALUES ('70002017','A0118150101','2017-11-01',0.3312678749,0.0752107404);
INSERT INTO post_invoice_deductions (customer_code,product_code,date,discounts_pct,other_deductions_pct) VALUES ('70002017','A0118150101','2018-01-01',0.2957916324,0.0720356315);
INSERT INTO post_invoice_deductions (customer_code,product_code,date,discounts_pct,other_deductions_pct) VALUES ('70002017','A0118150101','2018-02-01',0.3207865527,0.0793345762);
INSERT INTO post_invoice_deductions (customer_code,product_code,date,discounts_pct,other_deductions_pct) VALUES ('70002017','A0118150101','2018-03-01',0.2634826863,0.1007454661);
INSERT INTO post_invoice_deductions (customer_code,product_code,date,discounts_pct,other_deductions_pct) VALUES ('70002017','A0118150101','2018-05-01',0.2231491730,0.0819604740);
INSERT INTO post_invoice_deductions (customer_code,product_code,date,discounts_pct,other_deductions_pct) VALUES ('70002017','A0118150101','2018-06-01',0.3019501683,0.0791333546);
INSERT INTO post_invoice_deductions (customer_code,product_code,date,discounts_pct,other_deductions_pct) VALUES ('70002017','A0118150101','2018-07-01',0.3123406450,0.0929448730);
INSERT INTO post_invoice_deductions (customer_code,product_code,date,discounts_pct,other_deductions_pct) VALUES ('70002017','A0118150102','2017-09-01',0.2302247453,0.0868821520);
INSERT INTO post_invoice_deductions (customer_code,product_code,date,discounts_pct,other_deductions_pct) VALUES ('70002017','A0118150102','2017-10-01',0.2997839307,0.1029174247);
INSERT INTO post_invoice_deductions (customer_code,product_code,date,discounts_pct,other_deductions_pct) VALUES ('70002017','A0118150102','2017-11-01',0.3075021203,0.1020734461);
INSERT INTO post_invoice_deductions (customer_code,product_code,date,discounts_pct,other_deductions_pct) VALUES ('70002017','A0118150102','2018-01-01',0.3160211226,0.0671494454);
INSERT INTO post_invoice_deductions (customer_code,product_code,date,discounts_pct,other_deductions_pct) VALUES ('70002017','A0118150102','2018-02-01',0.3079746890,0.0955283889);
INSERT INTO post_invoice_deductions (customer_code,product_code,date,discounts_pct,other_deductions_pct) VALUES ('70002017','A0118150102','2018-03-01',0.2328579501,0.0977063795);
INSERT INTO post_invoice_deductions (customer_code,product_code,date,discounts_pct,other_deductions_pct) VALUES ('70002017','A0118150102','2018-05-01',0.3171278115,0.0859697241);
INSERT INTO post_invoice_deductions (customer_code,product_code,date,discounts_pct,other_deductions_pct) VALUES ('70002017','A0118150102','2018-06-01',0.3069788578,0.0868030312);
INSERT INTO post_invoice_deductions (customer_code,product_code,date,discounts_pct,other_deductions_pct) VALUES ('70002017','A0118150102','2018-07-01',0.3304823495,0.0797087453);
INSERT INTO post_invoice_deductions (customer_code,product_code,date,discounts_pct,other_deductions_pct) VALUES ('70002017','A0118150103','2017-09-01',0.3010404413,0.0912774392);
INSERT INTO post_invoice_deductions (customer_code,product_code,date,discounts_pct,other_deductions_pct) VALUES ('70002017','A0118150103','2017-10-01',0.3028357547,0.0704551200);


INSERT INTO pre_invoice_deductions (customer_code,fiscal_year,pre_invoice_discount_pct) VALUES ('70002017','2018',0.08244219753539290000);
INSERT INTO pre_invoice_deductions (customer_code,fiscal_year,pre_invoice_discount_pct) VALUES ('70002017','2019',0.07765861348605650000);
INSERT INTO pre_invoice_deductions (customer_code,fiscal_year,pre_invoice_discount_pct) VALUES ('70002017','2020',0.07345781073135220000);
INSERT INTO pre_invoice_deductions (customer_code,fiscal_year,pre_invoice_discount_pct) VALUES ('70002017','2021',0.07026947571908560000);
INSERT INTO pre_invoice_deductions (customer_code,fiscal_year,pre_invoice_discount_pct) VALUES ('70002017','2022',0.10567782977394700000);
INSERT INTO pre_invoice_deductions (customer_code,fiscal_year,pre_invoice_discount_pct) VALUES ('70002018','2018',0.29556770846041300000);
INSERT INTO pre_invoice_deductions (customer_code,fiscal_year,pre_invoice_discount_pct) VALUES ('70002018','2019',0.25765480344074500000);
INSERT INTO pre_invoice_deductions (customer_code,fiscal_year,pre_invoice_discount_pct) VALUES ('70002018','2020',0.22548097908752100000);
INSERT INTO pre_invoice_deductions (customer_code,fiscal_year,pre_invoice_discount_pct) VALUES ('70002018','2021',0.20610712357615500000);
INSERT INTO pre_invoice_deductions (customer_code,fiscal_year,pre_invoice_discount_pct) VALUES ('70002018','2022',0.29309271038653900000);
INSERT INTO pre_invoice_deductions (customer_code,fiscal_year,pre_invoice_discount_pct) VALUES ('70003181','2018',0.05355382125058860000);
INSERT INTO pre_invoice_deductions (customer_code,fiscal_year,pre_invoice_discount_pct) VALUES ('70003181','2019',0.05462288701190750000);
INSERT INTO pre_invoice_deductions (customer_code,fiscal_year,pre_invoice_discount_pct) VALUES ('70003181','2020',0.05308756020063890000);
INSERT INTO pre_invoice_deductions (customer_code,fiscal_year,pre_invoice_discount_pct) VALUES ('70003181','2021',0.09739067283803160000);
INSERT INTO pre_invoice_deductions (customer_code,fiscal_year,pre_invoice_discount_pct) VALUES ('70003181','2022',0.07270345126404590000);
INSERT INTO pre_invoice_deductions (customer_code,fiscal_year,pre_invoice_discount_pct) VALUES ('70003182','2018',0.23784307898853100000);
INSERT INTO pre_invoice_deductions (customer_code,fiscal_year,pre_invoice_discount_pct) VALUES ('70003182','2019',0.20232599378206100000);
INSERT INTO pre_invoice_deductions (customer_code,fiscal_year,pre_invoice_discount_pct) VALUES ('70003182','2020',0.18226761988935400000);
INSERT INTO pre_invoice_deductions (customer_code,fiscal_year,pre_invoice_discount_pct) VALUES ('70003182','2021',0.20648382824681900000);
INSERT INTO pre_invoice_deductions (customer_code,fiscal_year,pre_invoice_discount_pct) VALUES ('70003182','2022',0.21473109831322500000);
